認證編號,實驗室名稱,實驗室地址,實驗室電話,實驗室網站,通過日期,認證項目,公告資訊名稱,公告資訊連結,認證證書連結
"001","財團法人食品工業發展研究所(檢驗技術研發及服務中心)","30062新竹市東區食品路331號","(03) 5223191","http://www.firdi.org.tw/2/2-1.htm","111.05.02","亞硝酸鹽、食品中過氧化氫、著色劑、食品中二氧化硫、防腐劑、甲基汞(三)、水產動物類中重金屬(鉛、鎘)、食品添加物檢驗規格(苯甲酸類)、殘留農藥-殺菌劑二硫代胺基甲酸鹽類(二)、脂肪酸、糖類、水分、粗灰分、粗蛋白質、粗脂肪、礦物質(鈣、磷、鐵、鋅、鈉、鉀、鎂)、食品中咖啡因、飲料中咖啡因、鄰苯二甲酸酯類、金黃色葡萄球菌、腸炎弧菌、仙人掌桿菌、乳酸菌、生菌數、大腸桿菌群、黴菌及酵母菌、包(盛)裝飲用水(大腸桿菌群、糞便性鏈球菌、綠膿桿菌)、、沙門氏桿菌、阪崎腸桿菌、包(盛)裝飲用水及食用冰塊中重金屬(砷、鉛、鎘、汞、銻)、動物性成分-定性篩選、動物性成分(牛、豬、雞、蟹)、植物性成分(芒果、花生、蒜、韭、蕎、蔥、洋蔥)、食品中單核球增多性李斯特菌、殘留農藥-多重殘留分析(五)、黃麴毒素、乳製品中黃麴毒素M1、乙型受體素類、腸桿菌科、動物性成分-羊、乳品中單核球增多性李斯特菌、大腸桿菌、甜味劑、水產動物類、禽畜產品類及蜂蜜中重金屬(鉛、鎘)","衛生福利部111年05月02日衛授食字第1111102691D號","http://www.fda.gov.tw/tc/includes/GetFile.ashx?id=f637872798737608100&type=4","http://www.fda.gov.tw/tc/includes/GetFile.ashx?id=f637873695048746384&type=4"
"002","台灣檢驗科技股份有限公司(食品實驗室-台北)","24886新北市五股區新北產業園區五工路125號","(02) 2299-3279","http://www.tw.sgs.com/zh_tw/home_tw_v2?","111.09.01","水分、粗灰分、粗脂肪、二氧化硫(食品)、三聚氰酸、咖啡因、塑化劑、卡巴得及其代謝物、抗原蟲劑、氯黴素類、孔雀綠及其代謝物、丙酸、亞硝酸鹽、四環黴素類、硼酸及其鹽類、過氧化氫(食品)、順丁烯二酸、3-單氯丙二醇、水產動物類重金屬(汞)、生菌數、大腸桿菌群、金黃色葡萄球菌、黴菌及酵母菌、仙人掌桿菌、沙門氏桿菌、抗生素及其代謝物、銅葉綠素、游離棉籽酚、戴奧辛及多氯聯苯(乳品類、魚貝類、油脂類、蛋類、肉類)、粗蛋白、二甲基黃及二乙基黃、有機酸、Avermectins類抗生素、胺基醣苷類抗生素(一)、(二)、甲醛(二)、甲基汞(三)、殘留農藥-二硫代胺基甲酸鹽類(二)、食米中無機砷、水產動物類中無機砷、安保寧(二)、總配醣生物鹼、抗氧化劑、乙醯異戊醯泰樂黴素、泰拉黴素、丙烯醯胺、殘留農藥-多重殘留分析(五)、黴菌毒素-多重殘留分析、離子型抗球蟲劑、氟尼辛及托芬那酸、動物用藥-多重殘留分析(二)、麻痺性貝毒(二)、三聚氰胺、蜂蜜中C4植物糖、包裝(盛裝)飲用水及食用冰塊中重金屬(鉛、鎘、汞、砷、銻)、禽畜產品中殘留農藥-多重殘留分析、黃麴毒素、飲料及乳品中重金屬(鉛、銅、砷、銻)、蔬果植物、果醬及果凍中重金屬(鉛、鎘、汞)、單核球增多性李斯特菌、黃麴毒素M1、腸桿菌科、乙型受體素類、飲料中咖啡因、大腸桿菌、乳品中單核球增多性李斯特菌、蛋類中重金屬(鉛、銅)、菇蕈類中重金屬(鉛、鎘)、金屬罐裝食品中重金屬(錫)、水產動物類、禽畜產品類及蜂蜜中重金屬(鉛、鎘)、β-內醯胺類抗生素、可利斯汀、棒麴毒素、玉米赤黴毒素、脫氧雪腐鐮刀菌烯醇、橘黴素、赭麴毒素A、黃麴毒素B1、多環芳香族碳氫化合物","衛生福利部111年09月01日衛授食字第1111105537號","http://www.fda.gov.tw/tc/includes/GetFile.ashx?id=f637977304451231216&type=4","http://www.fda.gov.tw/tc/includes/GetFile.ashx?id=f637979634956575465&type=4"
"003","全國公證檢驗股份有限公司(化學與微生物實驗室)","11492台北市內湖區瑞光路423號8樓","(02)6602-2888","http://www.intertek-twn.com/big5/news/index_news.asp?page_id=7&project_code=0","111.04.29","水分、粗灰分、粗脂肪、粗蛋白、二氧化硫(食品)、糖類(蔗糖、果糖、半乳糖、乳糖、葡萄糖、麥芽糖)、果糖酸、礦物質(鈣、銅、鐵、鎂、錳、磷、鉀、鈉、鋅)、橘黴素、棒麴毒素、維生素C、孔雀綠及其代謝產物、塑化劑、著色劑、三聚氰胺、壬基苯酚及壬基苯酚聚乙氧基醇、溴酸鹽、過氧化氫(食品)、過氧化氫(免洗筷)、二氧化硫(免洗筷)、硼酸及其鹽類、溶出試驗(鉛、鎘、砷、鋅、銻、鍺)、溶出試驗(雙酚A)、溶出試驗(以Pb計)、著色劑(包材)、螢光增白劑(包材)、溶出試驗(高錳酸鉀消耗量、甲基丙烯酸甲酯單體、酚、氯仿可溶物、蒸發殘渣、氯甲代環氧丙烷單體、氯乙烯單體、總乳酸、己內醯胺單體、甲醛)、砷之檢驗(以As2O3計)、材質鑑別、材質試驗(二丁錫化物、鉛、鎘、氯乙烯單體、聚偏二氯乙烯單體、2-巰基咪唑啉、鋇)、順丁烯二酸、溶出試驗(三聚氰胺)、3-單氯丙二醇、銅葉綠素、食品中脂肪酸、材質試驗(苯乙烯、甲苯、乙苯、正丙苯、異丙苯)、溶出試驗(DBP、DEHP、BBP、DEHA、DINP、DIDP)、氯黴素類、赭麴毒素A、二甲基黃及二乙基黃、四環黴素類、材質試驗(2-巯基咪唑啉、鉛、鎘)-哺乳器具除外橡膠類、溶出試驗(酚)-哺乳器具除外橡膠類、溶出試驗(甲基丙烯酸甲酯單體)-聚甲基丙烯酸甲酯塑膠類、材質試驗(鉛、鎘)-甲基丙烯酸甲酯塑膠類、材質試驗(鉛、鎘)-聚醯胺(尼龍)塑膠類、溶出試驗(己內醯胺單體)-聚醯胺(尼龍)塑膠類、溶出試驗(鋅、酚)-哺乳器具橡膠類、材質試驗(鉛、鎘)-聚乙烯塑膠類、聚丙烯塑膠類、聚甲基戊烯塑膠類、溶出試驗(鉛)-玻璃、陶瓷器、施琺瑯、玉米赤黴毒素、玉米及其製品中伏馬毒素B1和B2、脫氧雪腐鐮刀菌烯醇及其乙醯衍生物、材質試驗(鉛、鎘)-聚對苯二甲酸乙二酯、材質試驗(鉛、鎘)-聚乳酸、材質試驗(鉛、鎘)-聚苯砜樹酯塑膠類嬰兒奶瓶、材質試驗(鉛、鎘)-聚碳酸酯、材質試驗(鉛、鎘)-聚醚砜樹酯塑膠類嬰兒奶瓶、溶出試驗(甲醛)-未以塑膠淋膜紙類製品、溶出試驗(銻、鍺)-聚對苯二甲酸乙二酯)、塑膠類嬰兒奶瓶雙酚A、塑膠類食品容器-塑化劑、咖啡因、甜味劑、黃麴毒素B1、動物用藥-多重殘留分析(二)、動物性成分-定性篩選、動物性成分-雞、牛、豬、亞硝酸鹽、甲基汞(三)、食米中重金屬(鉛、鎘、汞)、食用藻類無機砷、耐熱性試驗、甲醛(二)、食品中磷酸鹽、抗生素及其代謝產物、抗原蟲劑、飲料中咖啡因、甲醛(乙醯丙酮法)、魚油EPA、DHA、Monacolin K、黴菌毒素-多重毒素、殘留農藥-殺菌劑二硫代胺基甲酸鹽類(二)、植物性成分-蔥、蒜、洋蔥、韭、蕎、碘價(食用油脂)、酸價、過氧化價、硝基呋喃代謝物、蘇丹色素、總極性化合物、T-2毒素及HT-2毒素、卡巴得及其代謝物、防腐劑、抗氧化劑、生菌數、大腸桿菌群、志賀氏桿菌、金黃色葡萄球菌、腸炎弧菌、仙人掌桿菌、乳酸菌、包裝飲用水中綠膿桿菌、包裝飲用水中糞便性鏈球菌、包裝飲用水中大腸桿菌群、阪崎腸桿菌、沙門氏桿菌、黴菌及酵母菌、離子型抗球蟲藥、著色劑(二)、包裝(盛裝)飲用水及食用冰塊中重金屬(鉛、鎘、汞、砷、銻)、多環芳香族碳氫化合物、禽畜產品中殘留農藥-多重殘留分析、黃麴毒素、水產動物類中無機砷、食米中無機砷、飲料及乳品中重金屬(鉛、銅、砷、銻)、蔬果植物、果醬及果凍中重金屬(鉛、鎘、汞)、西藥成分定性(食品)(232)、甜味劑(多重)、單核球增多性李斯特菌、腸桿菌科、乙型受體素類、黃麴毒素M1、丙酸、動物性成分-羊、食品添加物檢驗規格-重金屬檢查法、食品添加物檢驗規格-鉛檢查法、食品添加物檢驗規格-砷檢查法、乳品中單核球增多性李斯特菌、大腸桿菌、殘留農藥-多重殘留分析(五)、水產動物類、禽畜產品類及蜂蜜中重金屬(鉛、鎘)、食用油脂及奶油中重金屬(砷、汞、鉛)、β-內醯胺類抗生素、乙醯異戊醯泰樂黴素及其代謝物、泰拉黴素、胺基糖苷類抗生素(二)","衛生福利部111年04月29日衛授食字第1111102728J號","http://www.fda.gov.tw/tc/includes/GetFile.ashx?id=f637873442337970577&type=4","http://www.fda.gov.tw/tc/includes/GetFile.ashx?id=f637874346805991881&type=4"
"004","財團法人台北市瑠公農業產銷基金會(農業檢驗中心)","23141新北市新店區民權路50號4樓","(02) 2915-8703","http://www.liukung.org.tw/index7t.asp","108.11.14","殘留農藥-多重殘留分析(五)、殘留農藥-殺菌劑二硫代胺基甲酸鹽類(二)","衛生福利部108年11月14日衛授食字第1081106292號","http://www.fda.gov.tw/tc/includes/GetFile.ashx?id=f637102705807515724","http://www.fda.gov.tw/tc/includes/GetFile.ashx?id=f637166837642095152"
"005","台美檢驗科技股份有限公司(檢驗中心)","24889新北市新莊區五股工業區五工五路21號","(02) 2298-1370","http://www.superlab.com.tw/","111.08.24","生菌數、大腸桿菌群、黴菌及酵母菌、腸炎弧菌、仙人掌桿菌、大腸桿菌O157：H7、產氣莢膜桿菌、阪崎腸桿菌、沙門氏桿菌、乳品中李斯特菌、金黃色葡萄球菌、曲狀桿菌、赭麴毒素A、二氧化硫(食品)、咖啡因、飲料中咖啡因、著色劑、過氧化氫、丙酸、硼酸及其鹽類、粗蛋白、礦物質-鈉、水分、粗灰分、粗脂肪、MonacolinK、二甲基黃及二乙基黃、順丁烯二酸、鄰苯二甲酸酯類、氯黴素類、植物性成分-蔥、洋蔥、蒜、韭、蕎、動物性成分-定性篩選、動物性成分-牛、羊、豬、雞、長雙叉乳酸桿菌、糞腸球菌、冬蟲夏草、嗜熱鏈球菌、副乾酪乳酸桿菌、發酵乳酸桿菌、嗜酸乳酸桿菌、食品添加物之砷規格檢驗、食品添加物之鉛規格檢驗、食品添加物之重金屬規格檢驗、蛋類中重金屬(鉛、銅)、甲基汞(三)、孔雀綠及其代謝物、硝基呋喃代謝物、殘留農藥-殺菌劑二硫代胺基甲酸鹽類之檢驗(二)、殘留農藥-多重殘留分析(五)、防腐劑、亞硝酸鹽、抗氧化劑、水產動物類中無機砷、食用藻類中無機砷、食米中無機砷、食米中重金屬(鉛、鎘)、食米中重金屬(汞)、3-單氯丙二醇、包(盛)裝飲用水大腸桿菌群、包(盛)裝飲用水糞便性鏈球菌、包(盛)裝飲用水綠膿桿菌、乳酸菌、霍亂弧菌、志賀氏桿菌、動物用藥-多重殘留分析(二)、三聚氰胺、三聚氰酸、甲醛(二)、甲醛(乙醯(代)丙酮法)、水產品中揮發性鹽基態氮、包(盛)裝飲用水中重金屬(鉛、鎘、汞、砷、銻)、腸桿菌科、黃麴毒素、甜味劑、蔬果植物類、果醬及果凍中重金屬(鉛、鎘、汞)、菇蕈類中重金屬(鉛、鎘)、單核球增多性李斯特菌、乙型受體素類、大腸桿菌、水產動物類、禽畜產品類及蜂蜜中重金屬(鉛、鎘)、食用油脂及奶油中重金屬(砷、汞、鉛)、魚油EPA、DHA","衛生福利部111年08月24日衛授食字第1111105498號","http://www.fda.gov.tw/tc/includes/GetFile.ashx?id=f637973674094244231&type=4","http://www.fda.gov.tw/tc/includes/GetFile.ashx?id=f637973677707082379&type=4"
"006","味全食品工業股份有限公司(中央研究所 分析檢驗中心)","22102新北市汐止區新台五路一段98號15樓","(02) 2696-7969","http://www.arch-world.com.tw/Company/19415.html","108.11.14","灰分、水分、固形物、蛋白質、維生素C、酸度(果汁類)、粗脂肪、羥甲胺基氮","衛生福利部108年11月14日衛授食字第1081106275號","http://www.fda.gov.tw/tc/includes/GetFile.ashx?mID=133&id=92034","http://www.fda.gov.tw/tc/includes/GetFile.ashx?id=f637104479615670944"
"007","台灣檢驗科技股份有限公司(超微量工業安全實驗室)","24886新北市五股工業區五工路136-1號","(02) 2299-3279","http://www.tw.sgs.com/zh_tw/home_tw_v2?","110.12.07","Monacolin K、正己烷、難消化性糊精、西藥成分定性(食品)(232)、包裝飲用水中溴酸鹽、食品中磷酸鹽","衛生福利部110年12月07日衛授食字第1101109520號","http://www.fda.gov.tw/tc/includes/GetFile.ashx?id=f637746366825168624&type=4","http://www.fda.gov.tw/tc/includes/GetFile.ashx?id=f637746378868187396&type=4"
"008","暐凱國際檢驗科技股份有限公司(食品安全檢驗中心)","114台北市內湖區內湖路1段120巷15弄28號","(02) 8751-1232","http://www.fsii.com.tw/","111.06.14","孔雀綠及其代謝物、硝基呋喃代謝物、二甲基黃及二乙基黃、水分、粗灰分、粗脂肪、粗蛋白、著色劑、三聚氰胺、黃麴毒素、赭麴毒素A、硼酸及其鹽類、過氧化氫、食米重金屬(鉛、鎘、汞)、過氧化價、酸價、二氧化硫(食品)、亞硝酸鹽、仙人掌桿菌、金黃色葡萄球菌、大腸桿菌群、生菌數、菇蕈類中重金屬(鉛、鎘)、黃麴毒素、單核球增多性李斯特菌、丙烯醯胺、食品添加物檢驗規格(鉛試驗法)、食品添加物檢驗規格(砷檢查法)、食品添加物檢驗規格(重金屬檢查法)、大腸桿菌、水產動物類、禽畜產品類及蜂蜜中重金屬(鉛、鎘)","衛生福利部111年06月14日衛授食字第1111103752號","http://www.fda.gov.tw/tc/includes/GetFile.ashx?id=f637909062153617857&type=4","http://www.fda.gov.tw/tc/includes/GetFile.ashx?id=f637909069889424425&type=4"
"010","財團法人中央畜產會(技術服務中心)","90049屏東縣屏東市工業五路2號","(08) 723-0341","http://service-center.naif.org.tw/skel.htm","111.04.22","生菌數、大腸桿菌、大腸桿菌群、病原性大腸桿菌、黴菌及酵母菌、大腸桿菌(O157:H7)、乳酸菌、霍亂弧菌、阪崎腸桿菌、產氣莢膜桿菌、包裝飲用水中大腸桿菌群、沙門氏桿菌、乳品李斯特菌、單核球增多性李斯特菌、包裝飲用水中糞便性鏈球菌、包裝飲用水中綠膿桿菌、金黃色葡萄球菌、曲狀桿菌、腸炎弧菌、仙人掌桿菌、腸桿菌科、動物性成分-定性篩選、動物性成分-豬、羊、雞、火雞、鴕鳥、牛、狗、植物性成分-蔥、蒜、洋蔥、韭、蕎、抗生物質、水分、水分含量、粗灰分、乳脂肪、粗脂肪、粗蛋白、澱粉、膽固醇、水解胺基酸、磷酸鹽、游離脂肪酸、水分活性測定、過氧化價、孔雀綠及其代謝物、四環黴素類、亞硝酸鹽、過氧化氫、卡巴得及其代謝物、抗原蟲劑、抗生素及其代謝物、氯黴素類、二甲基黃及二乙基黃、甜味劑、黃麴毒素、二氧化硫(食品)、順丁烯二酸、咖啡因(CNS)、咖啡因(公告)、Avermectin類抗生素、胺基醣苷類抗生素之檢驗(一)、(二)、甲基汞(三)、安保寧(二)、泰拉黴素、乙醯異戊醯泰樂黴素及其代謝物、硝基呋喃代謝物、殘留農藥-殺菌劑二硫代胺基甲酸鹽類(二)、防腐劑、乙型受體素類、離子型抗球蟲藥、氟尼辛及托芬那酸、可利斯汀、組織胺、水產動物類中無機砷、食米中無機砷、食米中重金屬(鉛、鎘、汞)、3-單氯丙二醇、著色劑、黃麴毒素M1、動物用藥-多重殘留分析(二)、殘留農藥-多重殘留分析(五)、禽畜產品中殘留農藥-多重殘留分析(129)、丙酸、包裝(盛裝)水及食用冰塊重金屬(鉛、鎘、汞、砷、銻)、塑化劑、β-內醯胺類抗生素、水產動物類、禽畜產品類及蜂蜜中重金屬(鉛、鎘)、蛋類中重金屬(鉛、銅)","衛生福利部111年04月22日衛授食字第1111102602號","http://www.fda.gov.tw/tc/includes/GetFile.ashx?id=f637864910295062562","http://www.fda.gov.tw/tc/includes/GetFile.ashx?id=f637864952589264912&type=4"
"012","國立成功大學環境微量毒物研究中心(超微量物質分析實驗室)","70403台南市勝利路138號","(06) 235-3535","http://rcetts.rsh.ncku.edu.tw/bin/home.php","109.02.07","戴奧辛(肉類、乳品類、蛋類、魚貝類、油脂類、蔬果植物類)、多氯聯苯(肉類、乳品類、蛋類、魚貝類、油脂類、蔬果植物類)、非戴奧辛類多氯聯苯(39品項)(乳品類)","衛生福利部109年02月07日衛授食字第1091100748號","http://www.fda.gov.tw/tc/includes/GetFile.ashx?id=f637170360673729871","http://www.fda.gov.tw/tc/includes/GetFile.ashx?id=f637170377363259733"
"015","上準環境科技股份有限公司(食品衛生實驗室)","40768台中市西屯區工業區三十六路41號","(04) 2358-2525","http://www.sundream.com.tw","109.11.04","過氧化氫、順丁烯二酸、戴奧辛及多氯聯苯(肉類、乳品類、油脂類、蛋類、魚貝類)","衛生福利部109年11月04日衛授食字第1091106862號","http://www.fda.gov.tw/tc/includes/GetFile.ashx?id=f637401905847622677","http://www.fda.gov.tw/tc/includes/GetFile.ashx?id=f637480303007417700"
"016","台灣檢驗科技股份有限公司(食品實驗室-高雄)","81170高雄市楠梓加工出口區開發路61號","(07) 301-2121","http://www.tw.sgs.com/zh_tw/home_tw_v2?","111.07.29","生菌數、大腸桿菌群、包裝飲用水中(糞便性鏈球菌、綠膿桿菌、大腸桿菌群)、腸炎弧菌、仙人掌桿菌、黴菌及酵母菌、沙門氏桿菌、水分、粗灰分、粗脂肪、粗蛋白、酸價、總極性物質、膳食纖維、孔雀綠及其代謝物、動物性成分-定性篩選、動物性成分-豬、雞、牛、植物性成分-蔥、洋蔥、韭菜、蒜、蕎、著色劑、礦物質(鈣、銅、鐵、鎂、錳、磷、鉀、鈉、鋅)、硼酸及其鹽類、酸度(蜂蜜)、水不溶物含量(蜂蜜)、澱粉酶活性(蜂蜜)、羥甲基糠醛(蜂蜜)、維生素A、C、咖啡因、塑化劑、乳酸菌、順丁烯二酸、組織胺、膽固醇、動物性成分-金絲燕、鹿、病原性大腸桿菌、阪崎腸桿菌、氯黴素類、四環黴素類、過氧化價、維生素E、二甲基黃及二乙基黃、雙氰胺、金黃色葡萄球菌、食米重金屬(鉛、鎘、汞)、食品添加物規格檢驗-鉛檢查法、食品添加物規格檢驗-重金屬檢查法、食品添加物規格檢驗-砷檢查法、水分(蜂蜜)、糖類(蜂蜜)、聚果糖、志賀氏桿菌、產氣莢膜桿菌、基因改造食品(40-3-2(RRS)、A5547-127、DP-305423-1、DP-356043-5、MON87705、MON87708、MON89788、MON87769、MON87701)、大腸桿菌O157：H7、糖類(果糖、乳糖、半乳糖、蔗糖、葡萄糖、麥芽糖)、碘價、皂化價、甲基汞(三)、硝基呋喃代謝物、殘留農藥-殺菌劑二硫代胺基甲酸鹽類(二)、不皂化物、飲料中咖啡因、著色劑(米製品)、糖類(果糖、葡萄糖、蔗糖、麥芽糖、乳糖)、防腐劑、辣椒粉中鹼性橙及羅丹明B、食品中規定外媒焦色素、基因改造食品DAS-59122-7、TC1507、MON88017、MON89034、NK603、MON810、GA21、BT11、MIR604、T25、MIR162、MON87460、CaMV35S、FMV、NOS定性篩選、殘留農藥-多重殘留分析(五)、著色劑-多重殘留分析(二)、曲狀桿菌、動物用藥-多重殘留分析(二)、葡聚糖、膳食纖維、著色劑(二)、甜味劑(多重)、金屬罐中重金屬(錫)、禽畜產品中殘留農藥-多重殘留分析、蔬果植物、果醬及果凍中重金屬(鉛、鎘、汞)、單核球增多性李斯特菌、乙型受體素類、腸桿菌科、飲料及乳品中重金屬(鉛、銅、砷、銻)、基因改造食品FG-72(定性)、丙酸、動物性成分-羊、水產品中揮發性鹽基態氮、食品添加物檢驗規格重金屬檢查法、食品添加物檢驗規格砷檢查法、食品添加物檢驗規格鉛檢查法、食品中脂肪酸、乳品中李斯特菌、大腸桿菌、甜味劑(建議)、罐頭中重金屬(鉛)、水產動物類、禽畜產品類及蜂蜜中重金屬(鉛、鎘)、食用油脂及奶油中重金屬(砷、鉛、汞)、膳食纖維、β-內醯胺類抗生素、魚油中二十碳五烯酸及二十二碳六烯酸、基因改造食品A2704-12","衛生福利部111年07月29日衛授食字第1111104816號","http://www.fda.gov.tw/tc/includes/GetFile.ashx?id=f637951194140523158&type=4","http://www.fda.gov.tw/tc/includes/GetFile.ashx?id=f637957185486002692&type=4"
"020","愛之味股份有限公司(健康科學研究所檢驗分析中心)","62152嘉義縣民雄鄉頭橋工業二路11號","(05) 221-1521","http://agvcn.cn.alibaba.com/","111.08.23","水分、粗蛋白、粗灰分、礦物質(鋅、銅、鐵、鈉、鈣)、粗脂肪、過氧化氫、膳食纖維、生菌數、大腸桿菌群、順丁烯二酸、赭麴毒素A、葡聚糖、聚果糖、黃麴毒素、腸桿菌科、大腸桿菌、防腐劑、硼酸及其鹽類","衛生福利部111年08月23日衛授食字第1111105394號","http://www.fda.gov.tw/tc/includes/GetFile.ashx?id=f637969524679196997&type=4","http://www.fda.gov.tw/tc/includes/GetFile.ashx?id=f637969633458381447&type=4"
"021","國立成功大學-永續環境實驗所(藥物毒物分析實驗室)","709台南市安南區安明路三段500號","(06) 384-0136","http://serc.ncku.edu.tw/index.php?lang=cht","111.01.17","殘留農藥-殺菌劑二硫代胺基甲酸鹽類(二)、殘留農藥-多重殘留分析(五)","衛生福利部111年01月17日 衛授食字第1111100358號","http://www.fda.gov.tw/tc/includes/GetFile.ashx?id=f637781158573921172","http://www.fda.gov.tw/tc/includes/GetFile.ashx?id=f637782857976491737&type=4"
"023","統一企業股份有限公司(永康品管課)","71001台南市永康區中正路301號","(06) 253-6789","http://www.uni-president.com.tw/","111.05.02","生菌數、大腸桿菌、大腸桿菌群、金黃色葡萄球菌、仙人掌桿菌、灰分(穀類)","衛生福利部111年05月02日衛授食字第1111102691B號","http://www.fda.gov.tw/tc/includes/GetFile.ashx?id=f637872798737468215&type=4","http://www.fda.gov.tw/tc/includes/GetFile.ashx?id=f637874471273213315&type=4"
"024","財團法人中華穀類食品工業技術研究所(化驗組實驗室)","24937新北市八里區中山路三段223號","(02) 2610-1010","http://www.cgprdi.org.tw/","111.04.25","硼酸及其鹽類、木醣醇、濕麵筋、順丁烯二酸、水分、粗灰分、著色劑、防腐劑、黴菌毒素-多重毒素分析、黃麴毒素、丙酸","衛生福利部111年04月25日衛授食字第1119020113號","http://www.fda.gov.tw/tc/includes/GetFile.ashx?id=f637865832099959716&type=4","http://www.fda.gov.tw/tc/includes/GetFile.ashx?id=f637865835327214148&type=4"
"025","正修科技大學超微量研究科技中心(環境檢測實驗室)","833高雄市鳥松區澄清路840號","(07) 731-0606","http://www2.csu.edu.tw/csitshow/micro/index-1.htm","111.08.22","戴奧辛及多氯聯苯(肉類、乳品類、蛋類、魚貝類、油脂類)","衛生福利部111年08月22日 衛授食字第1111105387號","http://www.fda.gov.tw/tc/includes/GetFile.ashx?id=f637968650363175635","http://www.fda.gov.tw/tc/includes/GetFile.ashx?id=f637987672062012180&type=4"
"026","弘光科技大學(食品與化妝品品質檢驗與分析中心)","433台中市沙鹿區中棲路34號","(04) 2631-8652","http://web.hk.edu.tw/~tacfc/index.files/options_basic_7.html","109.05.26","植物性成分-洋蔥、韭、蕎、蔥、蒜、硼酸及其鹽類、諾羅病毒、沙波病毒、A型肝炎病毒、二氧化硫、星狀病毒、冬蟲夏草、蟲蛹草、過氧化氫、沙門氏桿菌、防腐劑","衛生福利部109年05月26日衛授食字第1091103164號","http://www.fda.gov.tw/tc/includes/GetFile.ashx?id=f637262601491052265","http://www.fda.gov.tw/tc/includes/GetFile.ashx?id=f637275826487151086"
"027","華友科技顧問股份有限公司(藥物食品化粧品檢驗實驗室)","24255新北市新莊區中正路610、612號","(02) 2906-0887","http://www.hwayo.com.tw/","111.07.04","西藥成分定性(232) (食品)","衛生福利部111年07月04日衛授食字第1111104140號","http://www.fda.gov.tw/tc/includes/GetFile.ashx?id=f637927115342647190","http://www.fda.gov.tw/tc/includes/GetFile.ashx?id=f637934124463507224&type=4"
"029","台灣檢驗科技股份有限公司(化學實驗室-台北)","24886新北市新北產業園區五權七路25號","(02) 2299-3279","http://www.tw.sgs.com/zh_tw/home_tw_v2","110.01.21","材質試驗(鉛、鎘)、溶出試驗(鉛、鎘)、雙酚A、溶出試驗(高錳酸鉀消耗量)、溶出試驗(甲基丙烯酸甲酯單體)、溶出試驗(甲醛)、溶出試驗(蒸發殘渣)、溶出試驗(氯乙烯單體)、溶出試驗(氯仿可溶物)、溶出試驗(酚)、溶出試驗(以Pb計)、溶出試驗(砷)、溶出試驗(鋅)、砷之檢驗(以As計)、溶出試驗(銻、鍺)、材質試驗(鋇)、材質鑑別、材質試驗(螢光增白劑-遷移性螢光物質試驗)、耐熱性試驗、溶出試驗(三聚氰胺)、溶出試驗(總乳酸)、溶出試驗(著色劑)、材質試驗(氯乙烯單體)、材質試驗(二丁錫化物)、材質試驗(甲酚磷酸酯)、材質試驗(苯乙烯、甲苯、乙苯、正丙苯、異丙苯)、材質試驗(偏二氯乙烯單體)、溶出試驗(氯甲代環氧丙烷單體)、溶出試驗(氯乙烯單體)、溶出試驗(BBP、DEHA、DINP、DIDP)、溶出試驗(酚)-哺乳器具除外橡膠類、哺乳器具橡膠類、溶出試驗(鋅)-哺乳器具橡膠類、溶出試驗(鉛)-玻璃、陶瓷器、施琺瑯、材質試驗(2-巯基咪唑啉)-哺乳器具除外橡膠類、材質試驗(鉛、鎘)-哺乳器具除外橡膠類、聚甲基丙烯酸甲酯、聚醯胺(尼龍)、聚乙烯、聚丙烯、聚甲基戊烯、溶出試驗(甲基丙烯酸甲酯單體)-聚甲基丙烯酸甲酯、溶出試驗(己內醯胺單體)-聚醯胺(尼龍)、塑膠類食品容器-可塑劑、免洗筷過氧化氫、免洗筷二氧化硫、材質試驗(鉛、鎘)-聚對苯二甲酸乙二酯、材質試驗(鉛、鎘)-聚乳酸、材質試驗(鉛、鎘)-聚苯砜樹酯塑膠類嬰兒奶瓶、材質試驗(鉛、鎘)-聚碳酸酯、材質試驗(鉛、鎘)-聚醚砜樹酯塑膠類嬰兒奶瓶、溶出試驗(甲醛)-未以塑膠淋膜紙類製品、溶出試驗(銻、鍺)-聚對苯二甲酸乙二酯)、塑膠類嬰兒奶瓶中雙酚A、食品器具、容器、包裝製造修補用重金屬(鉛、銻)、聯苯(免洗筷)","衛生福利部110年01月21日衛授食字第1101100211號","http://www.fda.gov.tw/tc/includes/GetFile.ashx?id=f637471679301437825","http://www.fda.gov.tw/tc/includes/GetFile.ashx?id=f637471684611125653"
"031","統一企業股份有限公司(新市品管課)","74443台南市新市區大營里7號","(06) 599-1511","http://www.uni-president.com.tw/","111.04.11","生菌數、大腸桿菌、大腸桿菌群、乳酸菌、水分、黴菌及酵母菌、固形物、粗灰分","衛生福利部111年04月11日衛授食字第1110603194號","http://www.fda.gov.tw/tc/includes/GetFile.ashx?id=f637853778592751488&type=4","http://www.fda.gov.tw/tc/includes/GetFile.ashx?id=f637853832091473591&type=4"
"033","台灣檢驗科技股份有限公司(食品實驗室-台中)","40755台中市台中工業區14路9號","(04) 2359-1515","http://www.tw.sgs.com/zh_tw/home_tw_v2?","111.01.05","粗蛋白、順丁烯二酸、甜味劑、糖類(葡萄糖、半乳糖、乳糖、蔗糖、麥芽糖、果糖)、殘留農藥-殺菌劑二硫代胺基甲酸鹽類(二)、防腐劑、生菌數、大腸桿菌群、金黃色葡萄球菌、黴菌及酵母菌、殘留農藥-多重殘留分析(五)、二氧化硫(食品)、酸價、金黃色葡萄球菌、沙門氏桿菌、腸桿菌科、水分、粗灰分、粗脂肪、食品中脂肪酸、水產品中揮發性鹽基態氮、大腸桿菌","衛生福利部111年01月05日衛授食字第1100039553號","http://www.fda.gov.tw/tc/includes/GetFile.ashx?id=f637771600192876385&type=4","http://www.fda.gov.tw/tc/includes/GetFile.ashx?id=f637771532305380466&type=4"
"035","義美食品股份有限公司(義美食品股份有限公司實驗室)","33855桃園市蘆竹區南工路一段11號","(03) 322-2406","http://www.imeifoods.com.tw/","111.08.23","三聚氰胺、防腐劑、生菌數、大腸桿菌群、二氧化硫(食品)、腸桿菌科、丙酸、大腸桿菌、甜味劑(建議)、放射性核種(碘-131、銫-134、銫-137)","衛生福利部111年08月23日衛授食字第1111105420號","http://www.fda.gov.tw/tc/includes/GetFile.ashx?id=f637973674095274302&type=4","http://www.fda.gov.tw/tc/includes/GetFile.ashx?id=f637973677706692384&type=4"
"037","宜蘭縣政府衛生局(檢驗稽查科)","26051 宜蘭縣宜蘭市女中路二段287號","(039) 322-634","http://www.ilshb.gov.tw/","111.03.17","二氧化硫(食品)、生菌數、大腸桿菌群、硼酸及其鹽類、過氧化氫、金黃色葡萄球菌、殘留農藥-多重殘留分析(五)、著色劑、大腸桿菌群(包(盛)裝飲用水)、綠膿桿菌(包(盛)裝飲用水)、糞便性鏈球菌(包(盛)裝飲用水)、殘留農藥-殺菌劑二硫代胺基甲酸鹽類(二)、防腐劑、著色劑(二)、禽畜產品中殘留農藥-多重殘留分析、腸炎弧菌、食品中單核球增多性李斯特菌、沙門氏桿菌、病原性大腸桿菌、腸桿菌科、甜味劑多重分析、大腸桿菌","衛生福利部111年03月17日衛授食字第1119012327號","http://www.fda.gov.tw/tc/includes/GetFile.ashx?id=f637832284592565159&type=4","http://www.fda.gov.tw/tc/includes/GetFile.ashx?id=f637835696653554578&type=4"
"038","新竹縣政府衛生局(檢驗科實驗室)","30295 新竹縣竹北市光明七街1號","(035)518-160","http://www.hcshb.gov.tw/index.jsp","111.05.02","防腐劑、生菌數、大腸桿菌、大腸桿菌群、過氧化氫(食品)、丙酸、硼酸及其鹽類","衛生福利部 111年05月02日衛授食字第1119021270號","http://www.fda.gov.tw/tc/includes/GetFile.ashx?id=f637728518478761729&type=4","http://www.fda.gov.tw/tc/includes/GetFile.ashx?id=f637873695049356385&type=4"
"039","臺東縣衛生局(食品藥政及檢驗科實驗室)","95049台東縣台東市博愛路336號","(089) 323-370","http://www.ttshb.gov.tw/","110.01.12","過氧化氫(食品)、硼酸及其鹽類、甲醛(二)、甲醛(乙醯(代)丙酮法)、二氧化硫(食品)、防腐劑","衛生福利部110年01月12日衛授食字第1091108303號","http://www.fda.gov.tw/tc/includes/GetFile.ashx?id=f637461601878822500","http://www.fda.gov.tw/tc/includes/GetFile.ashx?id=f637462310004563034"
"040","嘉義縣衛生局(檢驗科實驗室)","61249嘉義縣太保市祥和二路東段3號","(05) 3620-609","http://www.cyshb.gov.tw/main.asp","111.03.17","硼酸及其鹽類、過氧化氫(食品)、亞硝酸鹽、四環黴素類、氯黴素類、抗原蟲劑、二氧化硫(食品)、甲醛(二)、甲醛(乙醯(代)丙酮法)、硝基呋喃代謝物、防腐劑、黃麴毒素、甜味劑","衛生福利部111年03月17日衛授食字第1110006452號","http://www.fda.gov.tw/tc/includes/GetFile.ashx?id=f637832284592395060&type=4","http://www.fda.gov.tw/tc/includes/GetFile.ashx?id=f637835696654093141&type=4"
"041","花蓮縣衛生局(檢驗科實驗室)","97058花蓮縣新興路200號","(038) 237-138","http://www.hlshb.gov.tw/","111.05.17","亞硝酸鹽、二氧化硫(食品)、硼酸及其鹽類、過氧化氫、孔雀綠及其代謝物、卡巴得及其代謝物、氯黴素類、二甲基黃及二乙基黃防腐劑、著色劑、食品中咖啡因、飲料中咖啡因、硝基呋喃代謝物、乙型受體素類","衛生福利部111年05月17日衛授食字第1111103125號","http://www.fda.gov.tw/tc/includes/GetFile.ashx?id=f637884880020102374&type=4","http://www.fda.gov.tw/tc/includes/GetFile.ashx?id=f637884883227683653&type=4"
"042","彰化縣衛生局(檢驗科實驗室)","50049 彰化市中山路2段162號","(04) 711-5141","http://www.chshb.gov.tw/","111.05.02","硼酸及其鹽類、咖啡因(CNS)、飲料中咖啡因、過氧化氫、甜味劑、著色劑、二氧化硫(食品)、孔雀綠及其代謝物、卡巴得及其代謝產物、β-內醯胺類抗生素、防腐劑、亞硝酸鹽、著色劑(二)、脂溶性維生素、生菌數、大腸桿菌、大腸桿菌群、包(盛)裝飲用水中大腸桿菌群、包(盛)裝飲用水中綠膿桿菌、包(盛)裝飲用水中糞便性鏈球菌、乙型受體素類、甜味劑多重分析、順丁烯二酸、腸桿菌科、金黃色葡萄球菌、甲醛(二)、甲醛(乙醯(代)丙酮法)、丙酸","衛生福利部111年05月02日衛授食字第1119014342號","http://www.fda.gov.tw/tc/includes/GetFile.ashx?id=f637872798738188099&type=4","http://www.fda.gov.tw/tc/includes/GetFile.ashx?id=f637873695051266829&type=4"
"043","嘉義市政府衛生局(檢驗科實驗室)","60097 嘉義市西區德明路1號","(05) 233-8066","http://www.cichb.gov.tw/news/index.asp?flag-script=A","111.08.23","亞硝酸鹽、過氧化氫、硼酸及其鹽類、殘留農藥-多重殘留分析(五)、生菌數、大腸桿菌群、防腐劑殘留農藥-殺菌劑二硫代胺基甲酸鹽類(二)、著色劑、棒麴毒素、著色劑(二)、腸桿菌科、甜味劑多重分析、大腸桿菌","衛生福利部111年08月23日衛授食字第1111105397號","http://www.fda.gov.tw/tc/includes/GetFile.ashx?id=f637969524679466956&type=4","http://www.fda.gov.tw/tc/includes/GetFile.ashx?id=f637969633458811475&type=4"
"046","永信藥品工業股份有限公司(檢驗實驗室)","43769台中市大甲區日南里工九路27號","(04) 2681-5181","http://www.ysp.com.tw/ysp/index.aspx","111.04.13","生菌數、大腸桿菌群、黴菌及酵母菌、阪崎腸桿菌、沙門氏桿菌、金黃色葡萄球菌、乳品中單核球增多性李斯特菌、大腸桿菌","衛生福利部111年04月13日衛授食字第1110603341號","http://www.fda.gov.tw/tc/includes/GetFile.ashx?id=f637855463445949612&type=4","http://www.fda.gov.tw/tc/includes/GetFile.ashx?id=f637873695047936534&type=4"
"048","臺北市政府衛生局(檢驗室)","11267臺北市北投區石牌路2段111號","(02) 2828-0102","http://www.health.gov.tw/","111.05.11","生菌數、大腸桿菌、大腸桿菌群、防腐劑、亞硝酸鹽、三聚氰胺、食品中過氧化氫、包裝(盛裝)飲用水及食用冰塊中重金屬(鉛、鎘、汞、砷、銻)、鄰苯二甲酸酯類、脂肪酸、二甲基黃及二乙基黃、動物用藥多重殘留分析(二)、殘留農藥-殺菌劑二硫代胺基甲酸鹽類(二)、殘留農藥-多重殘留分析(五)、抗氧化劑、著色劑、動物性成分-牛、豬、雞、西藥成分定性(食品)(232)、腸桿菌科、乙型受體素類、著色劑(二)、甜味劑多重分析","衛生福利部111年05月11日衛授食字第1111102944號","http://www.fda.gov.tw/tc/includes/GetFile.ashx?id=f637872798737298078&type=4","http://www.fda.gov.tw/tc/includes/GetFile.ashx?id=f637879682115247253&type=4"
"049","基隆市衛生局(檢驗科實驗室)","20647基隆市七堵區工建路2號","(02) 2452-9859","http://www.klchb.gov.tw/ch/00_home/home2.aspx","111.01.14","著色劑、過氧化氫、二氧化硫(食品)、甜味劑、硼酸及其鹽類、防腐劑、亞硝酸鹽、包裝(盛裝)飲用水及食用冰塊中重金屬(鉛、鎘、汞、砷、銻)、著色劑(二)、順丁烯二酸、菇蕈類中重金屬(鉛、鎘)、丙酸、蛋類中重金屬(鉛、銅)","衛生福利部111年01月14日衛授食字第1111100341H號","http://www.fda.gov.tw/tc/includes/GetFile.ashx?id=f637780377089426375&type=4","http://www.fda.gov.tw/tc/includes/GetFile.ashx?id=f637780411432826503&type=4"
"050","苗栗縣政府衛生局(檢驗科實驗室)","36095苗栗縣後龍鎮大庄里光華路373號","(037)558-601","https://www.mlshb.gov.tw/tc/index.aspx","111.06.15","硼酸及其鹽類、二氧化硫(食品)、亞硝酸鹽、防腐劑、過氧化氫、甜味劑、著色劑、氯黴素類","衛生福利部111年06月15日衛授食字第1111103781號","http://www.fda.gov.tw/tc/includes/GetFile.ashx?id=f637909950066381644&type=4","http://www.fda.gov.tw/tc/includes/GetFile.ashx?id=f637909970585934531&type=4"
"051","高雄市政府衛生局(檢驗科)","802 高雄市苓雅區凱旋二路132-1號7樓、8樓","(07) 713-4000","http://www.kcg.gov.tw/","111.04.01","生菌數、大腸桿菌群、黴菌及酵母菌、仙人掌桿菌、金黃色葡萄球菌、沙門氏桿菌、糞便性鏈球菌、綠膿桿菌、大腸桿菌群(包(盛)裝飲用水)、硼酸及其鹽類、過氧化氫、亞硝酸鹽、殘留農藥-殺菌劑二硫代胺基甲酸鹽類(二)、動物用藥-多重殘留分析(二)、殘留農藥-多重殘留分析(五)(380品項)、β-內醯胺類抗生素、防腐劑、動物性成分-定性篩選及魚、豬、雞、牛、飲水中溴酸鹽、氯黴素類、包裝(盛裝)飲用水及食用冰塊中重金屬、順丁烯二酸、腸炎弧菌、基因改造食品黃豆轉殖品項40-3-2(RRS)、A2704-12、A5547-127、DP-305423-1、DP-356043-5、MON87705、MON87708、MON89788、MON87701、MON87769、BPS-CV127-9、DAS -68416-4、FG72、禽畜產品中殘留農藥-多重殘留分析、西藥成分定性(232)(食品)、病原性大腸桿菌、四環黴素類、乙型受體素類、腸桿菌科、動物性成分-羊、甜味劑多重分析、放射性核種(碘-131、銫-134、銫-137)、大腸桿菌、卡巴得及其代謝物、甜味劑、食品中溴酸鹽","衛生福利部111年04月01日衛授食字第1110007330號","http://www.fda.gov.tw/tc/includes/GetFile.ashx?id=f637849272837045126&type=4","http://www.fda.gov.tw/tc/includes/GetFile.ashx?id=f637849467678660892&type=4"
"052","臺南市政府衛生局(檢驗中心)","73064臺南市新營區東興路163號","(06) 632-2120","http://health.tainan.gov.tw/tnhealth/","111.08.23","生菌數、大腸桿菌群、動物性成分-定性篩選及豬、雞、牛、食品中植物性成分-洋蔥、蔥、蒜、韭、蕎、基因改造食品(40-3-2(RRS)、A2704-12、A5547-127、BPS-CV127-9、DAS-68416-4、DP-305423-1、DP-356043-5、MON87705、MON87708、MON89788、MON87769、MON87701)、動物用藥-多重殘留分析(二)、殘留農藥-殺菌劑二硫代胺基甲酸鹽類(二)、殘留農藥-多重殘留分析(五)(380)、食品中摻加西藥成分(232)、禽畜產品中殘留農藥(129)、甲基汞(三)、水產動物中重金屬(鉛、鎘)、抗生素及其代謝物、抗生素及其代謝物(二)、乙型受體素類、動物性成分-羊、大腸桿菌、腸桿菌科、甜味劑多重分析、水產動物類、禽畜產品類及蜂蜜中重金屬(鉛、鎘)、黃豆轉殖品項(FG72)、食品中溴酸鹽","衛生福利部111年08月23日衛授食字第1111105392號","http://www.fda.gov.tw/tc/includes/GetFile.ashx?id=f637969524679046948&type=4","http://www.fda.gov.tw/tc/includes/GetFile.ashx?id=f637969633459251486&type=4"
"053","臺中市食品藥物安全處(檢驗組實驗室)","40876台中市南屯區向心南路811號4樓、5樓","(04) 2526-5394","http://www.health.taichung.gov.tw/internet/main/index.aspx","111.04.08","生菌數、大腸桿菌群、硼酸及其鹽類、過氧化氫(食品)、防腐劑、橘黴素、殘留農藥-殺菌劑二硫代胺基甲酸鹽類(二)、殘留農藥-多重殘留分析(五)、動物性成分-定性篩選、豬、雞、牛、羊、西藥成分定性(232)(食品)、乙型受體素類、大腸桿菌","衛生福利部111年04月08日衛授食第1119015582號","http://www.fda.gov.tw/tc/includes/GetFile.ashx?id=f637457118970900541","http://www.fda.gov.tw/tc/includes/GetFile.ashx?id=f637853832092293571&type=4"
"054","桃園市政府衛生局(食品管理暨檢驗科)","33084桃園市中壢區溪州街296號4樓","(03) 433-1025","http://www.tychb.gov.tw/big5/default.asp","111.04.15","四環黴素類、氯黴素類、安保寧、抗生素及其代謝物、離子型抗球蟲藥、抗原蟲劑、飲料中咖啡因、二氧化硫(食品)、防腐劑、硼酸及其鹽類、過氧化氫(食品)、著色劑、二甲基黃及二乙基黃、順丁烯二酸、殘留農藥-多重殘留分析法(五)、殺菌劑二硫代胺基甲酸鹽類、黃麴毒素、生菌數、大腸桿菌群、包(盛)裝飲用水中大腸桿菌群、包(盛)裝飲用水中綠膿桿菌、包(盛)裝飲用水中糞便性鏈球菌、沙門氏桿菌、西藥成分定性(232) (食品)、腸桿菌科、乙型受體素類、大腸桿菌、甜味劑","衛生福利部111年04月15日衛授食字第1119015625號","http://www.fda.gov.tw/tc/includes/GetFile.ashx?id=f637859739882580275&type=4","http://www.fda.gov.tw/tc/includes/GetFile.ashx?id=f637859740229383950&type=4"
"055","雲林縣衛生局(檢驗科實驗室)","64054雲林縣斗六市府文路34號","(05) 533-0556","http://www.ylshb.gov.tw/","111.05.02","生菌數、大腸桿菌、大腸桿菌群、過氧化氫、亞硝酸鹽、糞便性鏈球菌(包裝飲用水)、綠膿桿菌(包裝飲用水)、大腸桿菌群(包裝飲用水)、二氧化硫(食品)、硼酸及其鹽類、二甲基黃及二乙基黃、甲醛(二)、甲醛(乙醯(代)丙酮法)、殘留農藥-殺菌劑二硫代胺基甲酸鹽類(二)、殘留農藥-多重殘留分析(五)、著色劑、防腐劑、著色劑(二)、腸桿菌科、丙酸","衛生福利部111年05月02日衛授食字第1119015494號","http://www.fda.gov.tw/tc/includes/GetFile.ashx?id=f637872798737758079&type=4","http://www.fda.gov.tw/tc/includes/GetFile.ashx?id=f637873695047526496&type=4"
"057","財團法人台灣商品檢測驗證中心(食品安全暨藥粧分析實驗室)","33383桃園市龜山區文明路29巷8號","(03) 328-0026","http://www.etc.org.tw/cubekm/front/bin/home.phtml","111.04.29","塑化劑、硼酸及其鹽類、二氧化硫(食品)、亞硝酸鹽、過氧化氫、甲醛(二)、抗氧化劑、順丁烯二酸、甲醛(乙醯(代)丙酮法)、防腐劑、飲料中咖啡因、咖啡因(CNS)、氯黴素類、三聚氰胺、殘留農藥-殺菌劑二硫代胺基甲酸鹽類(二)、殘留農藥-多重殘留分析(五)、3-單氯丙二醇、銅葉綠素、大腸桿菌群、生菌數、禽畜產品中殘留農藥-多重殘留分析、西藥成分定性(食品)(232)、包裝飲用水及食用冰塊中重金屬(鉛、鎘、砷、汞、銻)、甜味劑(多重)、腸桿菌科、丙酸、著色劑、沙門氏桿菌、大腸桿菌、飲料中香豆素、金黃色葡萄球菌、單核球增多性李斯特菌","衛生福利部111年04月29日衛授食字第1111102728D號","http://www.fda.gov.tw/tc/includes/GetFile.ashx?id=f637873442336910254&type=4","http://www.fda.gov.tw/tc/includes/GetFile.ashx?id=f637874346806601882&type=4"
"058","新北市政府衛生局(檢驗科實驗室)","220新北市板橋區英士路192-1號","(02)2257-7155","http://www.health.ntpc.gov.tw/","111.03.24","著色劑、硼酸及其鹽類、過氧化氫、防腐劑、生菌數、大腸桿菌群、金黃色葡萄球菌、沙門氏桿菌、殘留農藥-殺菌劑二硫代胺基甲酸鹽類(二)、腸炎弧菌、仙人掌桿菌、殘留農藥-多重殘留分析(五)、西藥成分定性(食品)(232)、病原性大腸桿菌、禽畜產品中殘留農藥、放射性核種(碘-131、銫-134、銫-137)、甜味劑多重分析、乙型受體素類、大腸桿菌","衛生福利部111年03月24日衛授食字第1110006927號","http://www.fda.gov.tw/tc/includes/GetFile.ashx?id=f637838233271079323&type=4","http://www.fda.gov.tw/tc/includes/GetFile.ashx?id=f637873695050756918&type=4"
"059","國立中興大學(農藥殘留檢測中心)","40227台中市南區興國大145號","(04) 2285-4817","http://www.nchu.edu.tw/index1.php","111.01.17","殘留農藥-殺菌劑二硫代胺基甲酸鹽類(二)、殘留農藥-多重殘留分析(五)","衛生福利部111年01月17日 衛授食字第1111100358D號","http://www.fda.gov.tw/tc/includes/GetFile.ashx?id=f637781159941161852","http://www.fda.gov.tw/tc/includes/GetFile.ashx?id=f637934131948431075&type=4"
"061","勝昌製藥廠股份有限公司(勝昌檢驗中心)","302桃園市中壢區民族路六段436號","(03) 490-9682","http://www.herb.com.tw/front/bin/notfound.phtml?Code=lock","110.05.20","黃麴毒素","衛生福利部110年05月20日衛授食字第1101103710號","http://www.fda.gov.tw/tc/includes/GetFile.ashx?id=f637575474755120964&type=4","http://www.fda.gov.tw/tc/includes/GetFile.ashx?id=f637583177698984932&type=4"
"063","屏東縣檢驗中心(食品檢驗課)","90054屏東市自由路272號","(08) 737-0065","http://www.ptshb.gov.tw/style/front001/bexfront.php","111.03.30","硼酸及其鹽類、亞硝酸鹽、孔雀綠及其代謝產物、安保寧(二)、3-單氯丙二醇、著色劑、過氧化氫(食品)、殘留農藥-殺菌劑二硫代胺基甲酸鹽類(二)、防腐劑、乙型受體素類、離子型抗球蟲藥、殘留農藥-多重殘留分析(五)、二氧化硫(食品)、動物用藥-多重殘留分析(二)、大腸桿菌群、大腸桿菌、生菌數、著色劑(二)、腸桿菌科、包裝飲用水中(大腸桿菌群、糞便性鏈球菌、綠膿桿菌)、甜味劑多重分析、氯黴素類、水產動物類、禽畜產品類及蜂蜜中重金屬","衛生福利部111年03月30日衛授食字第1119013082號","http://www.fda.gov.tw/tc/includes/GetFile.ashx?id=f637843362729362677&type=4","http://www.fda.gov.tw/tc/includes/GetFile.ashx?id=f637843412998514922&type=4"
"065","新竹市衛生局(檢驗科實驗室)","30051新竹市建功二路20巷1號","(03) 572-3515轉261","http://dep.hcchb.gov.tw/","111.03.01","咖啡因(CNS)、咖啡因(公告)、甲醛(二)、甲醛(乙醯(代)丙酮法)、甜味劑","衛生福利部111年03月01日衛授食字第1119008637號","http://www.fda.gov.tw/tc/includes/GetFile.ashx?id=f637818313649895972&type=4","http://www.fda.gov.tw/tc/includes/GetFile.ashx?id=f637818334244074133&type=4"
"066","南投縣政府衛生局(檢驗科實驗室)","50462南投市復興路6號","(049)2233018","https://www.ntshb.gov.tw/Default.aspx","111.05.17","生菌數、大腸桿菌、包裝飲用水及食用冰塊中重金屬(鉛、鎘、汞、砷、銻)、大腸桿菌群(包(盛)裝飲用水)、綠膿桿菌(包(盛)裝飲用水)、糞便性鏈球菌(包(盛)裝飲用水)、食用油脂中重金屬(汞、砷、鉛、銅)、過氧化氫(食品)、二氧化硫(食品)、硼酸及其鹽類、材質試驗(鉛、鎘)、大腸桿菌群、溴酸鹽、菇蕈類中重金屬(鉛、鎘)、食用油脂及奶油中重金屬(砷、汞、鉛)、防腐劑、亞硝酸鹽","衛生福利部111年05月17日衛授食字第1111103118號","http://www.fda.gov.tw/tc/includes/GetFile.ashx?id=f637884880020262372&type=4","http://www.fda.gov.tw/tc/includes/GetFile.ashx?id=f637884883228043684&type=4"
"068","歐陸食品檢驗股份有限公司(歐陸食品檢驗-高雄)","80644高雄市前鎮區新生路248-37號4樓","(07)975-0101轉102","https://www.twincn.com/item.aspx?no=53968514","111.08.23","食用藻類中無機砷、甲基汞(三)、防腐劑、抗氧化劑、3-單氯丙二醇、亞硝酸鹽、過氧化氫、著色劑、硼酸及其鹽類、二氧化硫(食品)、著色劑(二)、蘇丹色素、三聚氰胺、順丁稀二酸、二甲基黃及二乙基黃、包裝(盛裝)飲用水及食用冰塊中重金屬(鉛、鎘、汞、砷、銻)、水產動物中無機砷、禽畜內臟中重金屬(鉛、鎘)、食米中無機砷、蘇丹色素(二)、飲料中咖啡因、甲醛(二)、甲醛(乙醯(代)丙酮法)、蔬果植物、果醬及果凍中重金屬(鉛、鎘、汞)、丙酸、水產品中揮發性鹽基態氮、食品添加物檢驗規格(24.鉛檢查法)、食品添加物檢驗規格(7.重金屬檢查法)、食品添加物檢驗規格(8.砷檢查法)、水產動物類、禽畜產品類及蜂蜜中重金屬(鉛、鎘)、食用油脂及奶油中重金屬(砷、汞、鉛)、甜味劑(建議)、甜味劑(多重)","衛生福利部111年08月23日衛授食字第1111105413號","http://www.fda.gov.tw/tc/includes/GetFile.ashx?id=f637973674094544299&type=4","http://www.fda.gov.tw/tc/includes/GetFile.ashx?id=f637973677707488867&type=4"
"069","統一超商股份有限公司(統一超商品質檢驗實驗室)","320桃園市中壢區北園路37號","(03)453-5332","https://www.7-11.com.tw/company/quality3.asp","111.04.13","生菌數、大腸桿菌群、沙門氏桿菌、著色劑、大腸桿菌","衛生福利部111年04月13日衛授食字第1110603623號","http://www.fda.gov.tw/tc/includes/GetFile.ashx?id=f637855463446109746&type=4","http://www.fda.gov.tw/tc/includes/GetFile.ashx?id=f637855500965873117&type=4"
"070","正修科技大學超微量研究中心(食品藥物實驗室)","83347高雄市鳥松區澄清路840號","(07) 735-8800","http://www2.csu.edu.tw/csitshow/micro/index-1.htm","109.06.15","粗脂肪、粗灰分、水分、粗蛋白、殘留農藥-殺菌劑二硫代胺基甲酸鹽類(二)、殘留農藥-多重殘留分析(五)(380項)","衛生福利部109年06月15日衛授食字第1091103669號","http://www.fda.gov.tw/tc/includes/GetFile.ashx?id=f637279198518168941","http://www.fda.gov.tw/tc/includes/GetFile.ashx?id=f637279211231196011"
"071","國立中興大學土壤調查試驗中心(化學實驗室)","40227台中市南區國光路250號","(04)2284-0376","http://www.nchu.edu.tw/index1.php","111.04.14","生菌數、大腸桿菌、大腸桿菌群、黴菌及酵母菌、包裝(盛裝)飲用水及食用冰塊中重金屬(鉛、鎘、汞、砷、銻)","衛生福利部111年04月14日 衛授食字第1110603706號","http://www.fda.gov.tw/tc/includes/GetFile.ashx?id=f637858795846649553","http://www.fda.gov.tw/tc/includes/GetFile.ashx?id=f637858859695374317&type=4"
"073","振芳股份有限公司(品保實驗室)","248新北市五股區五股工業區五工六路22號","(02)2299-2031轉3201","http://www.gemfont.com.tw/gf-ec/store.nsf/Gemfontindex?OpenPage","109.06.15","乳酸菌","衛生福利部109年06月15日衛授食字第1091103628號","http://www.fda.gov.tw/tc/includes/GetFile.ashx?id=f637279833323718849","http://www.fda.gov.tw/tc/includes/GetFile.ashx?id=f637279997922262269"
"074","澎湖縣政府衛生局(檢驗科)","880 澎湖縣馬公市西文里118-2號","(06)9215351","http://www.phchb.gov.tw/ch/index.jsp","111.01.24","丙酸、過氧化氫、硼酸及其鹽類","衛生福利部111年01月24日衛授食字第1110001379號","http://www.fda.gov.tw/tc/includes/GetFile.ashx?id=f637788983522368994&type=4","http://www.fda.gov.tw/tc/includes/GetFile.ashx?id=f637789796164677642&type=4"
"075","金門縣衛生局(藥物食品檢驗科附設檢驗室)","89142金門縣金湖鎮新市里復興路1-12號","(082)330697","http://www.kmhb.gov.tw/","110.03.26","黃麴毒素、防腐劑、亞硝酸鹽、食品中二氧化硫、殘留農藥-殺菌劑二硫代胺基甲酸鹽類(二)、殘留農藥-多重殘留分析(五)、著色劑(二)、包(盛)裝飲用水(大腸桿菌群、糞便性鏈球菌、綠膿桿菌)","衛生福利部110年03月26日衛授食字第1101102149號","http://www.fda.gov.tw/tc/includes/GetFile.ashx?id=f637526380599378806&type=4","http://www.fda.gov.tw/tc/includes/GetFile.ashx?id=f637527205839358244&type=4"
"076","黑松股份有限公司(食品安全實驗室)","320桃園市中壢區中園路178號","(03)452-3101轉770","http://www.heysong.com.tw/","110.04.13","包裝(盛裝)飲用水及食用冰塊中重金屬(鉛、鎘、汞、砷、銻)","衛生福利部110年03月26日衛授食字第1101102140號","http://www.fda.gov.tw/tc/includes/GetFile.ashx?id=f637526380598762923&type=4","http://www.fda.gov.tw/tc/includes/GetFile.ashx?id=f637527205839740429&type=4"
"077","佳美檢驗科技股份有限公司(佳美檢驗科技股份有限公司檢驗室)","407台中市台中工業區32路5號","(04)2359-5762","http://www.cmit.com.tw/","111.05.13","三聚氰胺、二甲基黃及二乙基黃、咖啡因、二氧化硫(食品)、飲料中咖啡因、生菌數、大腸桿菌群、黴菌及酵母菌、食米中重金屬(鉛、鎘、汞)、殘留農藥-殺菌劑二硫代胺基甲酸鹽類(二)、防腐劑、甲基汞(三)、包裝飲用水中糞便性鏈球菌、包裝飲用水中大腸桿菌群、包裝飲用水中綠膿桿菌、仙人掌桿菌、沙門氏桿菌、包裝(盛裝)飲用水及食用冰塊中重金屬(鉛、鎘、汞、砷、銻)、殘留農藥-多重殘留分析(五)、黃麴毒素、抗生素及其代謝物、金黃色葡萄球菌、蔬果植物、果醬及果凍中重金屬(鉛、鎘、汞)、飲料及乳品中重金屬(鉛、銅、砷、銻)、乙型受體素類、大腸桿菌、水產動物類、禽畜產品類及蜂蜜中重金屬(鉛、鎘)、食用油脂及奶油中重金屬(砷、汞、鉛)","衛生福利部111年05月13日衛授食字第1111102849號","http://www.fda.gov.tw/tc/includes/GetFile.ashx?id=f637884810991370641&type=4","http://www.fda.gov.tw/tc/includes/GetFile.ashx?id=f637884813648422277&type=4"
"078","環虹錕騰科技股份有限公司(新速食檢測定中心)","806高雄市前鎮區新衙路286-8號7樓-1","(07)815-2100轉200","http://www.hyperquantum.com.tw/#!/","111.06.14","過氧化氫、著色劑、生菌數、大腸桿菌群、金黃色葡萄球菌、防腐劑、抗氧化劑、沙門氏桿菌、殘留農藥-殺菌劑二硫代胺基甲酸鹽類(二)、殘留農藥-多重殘留分析(五)、黴菌及酵母菌、仙人掌桿菌、單核球增多性李斯特菌、包裝(盛裝)飲用水及食用冰塊中重金屬(鉛、鎘、汞、砷、銻)、甲基汞(三)、食米中無機砷、包裝飲用水中糞便性鏈球菌、包裝飲用水中綠膿桿菌、包裝飲用水中大腸桿菌群、腸桿菌科、大腸桿菌、飲料及乳品中重金屬(砷、鉛、銅、銻)、水產動物類、禽畜產品類及蜂蜜中重金屬(鉛、鎘)、蔬果植物類、果醬及果凍食品中重金屬(鉛、鎘、汞)","衛生福利部111年06月14日衛授食字第1111103750號","http://www.fda.gov.tw/tc/includes/GetFile.ashx?id=f637909062153447856&type=4","http://www.fda.gov.tw/tc/includes/GetFile.ashx?id=f637909069895168508&type=4"
"079","長庚學校財團法人長庚科技大學(食品安全檢驗室)","33303桃園市龜山區文化一路261號","(03)211-8999","http://rcihe.cgust.edu.tw","110.11.26","包裝(盛裝)飲用水及食用冰塊中重金屬(鉛、鎘、汞、砷、銻)","衛生福利部110年11月26日 衛授食字第1101109184號","http://www.fda.gov.tw/tc/includes/GetFile.ashx?id=f637738627154563756","http://www.fda.gov.tw/tc/includes/GetFile.ashx?id=f637741366554647978&type=4"
"081","嘉藥學校財團法人嘉南藥理大學(食品藥物暨化粧品實驗室)","71710台南市仁德區二仁路一段60號","(06)2664911 分機 1421","http://www.analytical.cnu.edu.tw/index.html","110.11.26","食米中重金屬(鉛、鎘、汞)、包裝(盛裝)飲用水及食用冰塊中重金屬(鉛、鎘、汞、砷、銻)","衛生福利部110年11月26日 衛授食字第1101109186號","http://www.fda.gov.tw/tc/includes/GetFile.ashx?id=f637738627658358656","http://www.fda.gov.tw/tc/includes/GetFile.ashx?id=f637741366555374329&type=4"
"083","振泰檢驗科技股份有限公司(振泰檢驗科技股份有限公司實驗室)","221新北市汐止區新台五路1段79號13樓之7","(02)2698-1299轉206","http://www.stst.com.tw/","111.06.16","過氧化氫、著色劑、咖啡因、食米中重金屬(鉛、鎘、汞、砷)、二氧化硫(食品)、維生素C、生菌數、大腸桿菌群、甲基汞(三)、飲料中咖啡因、硼酸及其鹽類、殘留農藥-二硫代胺基甲酸鹽類(二)、仙人掌桿菌、黴菌及酵母菌、沙門氏桿菌、金黃色葡萄球菌、防腐劑、殘留農藥-多重殘留分析(五)、包(盛)裝飲用水中糞便性鏈球菌、包(盛)裝飲用水中綠膿桿菌、包(盛)裝飲用水中大腸桿菌群、乳酸菌、腸炎弧菌、抗氧化劑、蛋類中重金屬(鉛、銅)、食米中無機砷、順丁烯二酸、包裝(盛裝)飲用水及食用冰塊中重金屬(鉛、鎘、汞、砷、銻)、黃麴毒素、亞硝酸鹽、大腸桿菌O157：H7、阪崎腸桿菌、單核球增多性李斯特菌、硝基呋喃代謝物、乙型受體素類、孔雀綠及其代謝產物、氯黴素類、動物用藥-多重殘留分析(二)、腸桿菌科、丙酸、水產品中揮發性鹽基態氮、乳品中李斯特菌、大腸桿菌、水產動物類、禽畜產品類及蜂蜜中重金屬(鉛、鎘)、四環黴素類、赭麴毒素A","衛生福利部111年06月16日衛授食字第1111103818號","http://www.fda.gov.tw/tc/includes/GetFile.ashx?id=f637910749493641442&type=4","http://www.fda.gov.tw/tc/includes/GetFile.ashx?id=f637910800724446174&type=4"
"084","中山醫學大學(健康科技中心實驗室)","40201台中市南區建國北路一段110號研究大樓 12樓","(04)2473-0022 #11326","http://rc.csmu.edu.tw/files/11-1032-24-1.php?Lang=zh-tw","111.08.22","多環芳香族碳氫化合物、黃麴毒素","衛生福利部111年08月22日 衛授食字第1111105389號","http://www.fda.gov.tw/tc/includes/GetFile.ashx?id=f637968651110901793","http://www.fda.gov.tw/tc/includes/GetFile.ashx?id=f637910800724446174&type=4"
"086","長榮空廚股份有限公司(微生物檢驗室)","338桃園市大園區航勤北路3號","(03)351-3223","http://www.egsc.com.tw/company/company.htm","111.01.14","黴菌及酵母菌","衛生福利部111年01月14日衛授食字第1111100341D號","http://www.fda.gov.tw/tc/includes/GetFile.ashx?id=f637780377088696471&type=4","http://www.fda.gov.tw/tc/includes/GetFile.ashx?id=f637781179073341110&type=4"
"087","連江縣衛生局(連江縣衛生局檢驗室)","209連江縣南竿鄉復興村216號","(0836)22095","http://www.matsuhb.gov.tw/index.php","111.05.02","生菌數、大腸桿菌、大腸桿菌群","衛生福利部111年05月02日衛授食字第1119016424號","http://www.fda.gov.tw/tc/includes/GetFile.ashx?id=f637872798737898130&type=4","http://www.fda.gov.tw/tc/includes/GetFile.ashx?id=f637873695050226573&type=4"
"088","大成長城企業股份有限公司(大成品檢中心)","710台南市永康區蔦松二街3號","(06)253-1111轉6245","http://www.greatwall.com.tw/index.action","111.01.14","氯黴素類","衛生福利部111年01月14日衛授食字第1111100341號","http://www.fda.gov.tw/tc/includes/GetFile.ashx?id=f637780377088136739&type=4","http://www.fda.gov.tw/tc/includes/GetFile.ashx?id=f637781179074783524&type=4"
"095","台灣檢驗科技股份有限公司(化學實驗室-高雄)","811高雄市楠梓加工出口區開發路61號4樓","(07)301-2121 #4020","http://www.sgs.com.tw/zh-TW/Our-Company/About-SGS/SGS-in-Brief/SGS-in-Taiwan.aspx","111.08.23","材質試驗(鉛、鎘)、溶出試驗(鉛、鎘)、雙酚A、溶出試驗(高錳酸鉀消耗量)、溶出試驗(甲基丙烯酸甲酯單體)、溶出試驗(甲醛)、溶出試驗(蒸發殘渣)、溶出試驗(氯乙烯單體)、溶出試驗(氯仿可溶物)、溶出試驗(酚)、溶出試驗(以Pb計)、溶出試驗(砷)、溶出試驗(鋅)、砷之檢驗(以As計)、溶出試驗(銻、鍺)、材質試驗(鋇)、材質鑑別、材質試驗(螢光增白劑-遷移性螢光物質試驗)、耐熱性試驗、溶出試驗(三聚氰胺)、溶出試驗(總乳酸)、溶出試驗(著色劑)、材質試驗(氯乙烯單體)、材質試驗(二丁錫化物)、材質試驗(甲酚磷酸酯)、材質試驗(苯乙烯、甲苯、乙苯、正丙苯、異丙苯)、材質試驗(偏二氯乙烯單體)、溶出試驗(氯甲代環氧丙烷單體)、溶出試驗(氯乙烯單體)、溶出試驗(BBP、DEHA、DINP、DIDP)、溶出試驗(酚)-哺乳器具除外橡膠類、哺乳器具橡膠類、溶出試驗(鋅)-哺乳器具橡膠類、材質試驗(2-巯基咪唑啉)-哺乳器具除外橡膠類、材質試驗(鉛、鎘)-哺乳器具除外橡膠類、聚甲基丙烯酸甲酯、聚醯胺(尼龍)、聚乙烯、聚丙烯、聚甲基戊烯、溶出試驗(甲基丙烯酸甲酯單體)-聚甲基丙烯酸甲酯、溶出試驗(己內醯胺單體)-聚醯胺(尼龍)、塑膠類食品容器-可塑劑、材質試驗(鉛、鎘)-聚對苯二甲酸乙二酯、材質試驗(鉛、鎘)-聚乳酸、材質試驗(鉛、鎘)-聚苯砜樹酯塑膠類嬰兒奶瓶、材質試驗(鉛、鎘)-聚碳酸酯、材質試驗(鉛、鎘)-聚醚砜樹酯塑膠類嬰兒奶瓶、溶出試驗(甲醛)-未以塑膠淋膜紙類製品、溶出試驗(銻、鍺)-聚對苯二甲酸乙二酯)、溶出試驗(鉛、鎘)-玻璃、陶瓷器、施琺瑯、塑膠類嬰兒奶瓶雙酚A","衛生福利部111年08月23日衛授食字第1111105418號","http://www.fda.gov.tw/tc/includes/GetFile.ashx?id=f637973674094894245&type=4","http://www.fda.gov.tw/tc/includes/GetFile.ashx?id=f637558980201497969&type=4"
"096","中州科技大學(保健食品研發暨檢驗中心)","510彰化縣員林市山腳路三段2巷6號K101室","(04)8359000#4431","http://www.ccut.edu.tw/adminSection/front/showContent.asp?site_id=researchcenter&m_id=143","109.01.10","水分、粗灰分、粗脂肪、粗蛋白","衛生福利部109年01月10日衛授食字第1081107384號","http://www.fda.gov.tw/tc/includes/GetFile.ashx?id=f637145329172837311","http://www.fda.gov.tw/tc/includes/GetFile.ashx?id=f637151404506307924"
"098","國立虎尾科技大學(農業與生物科技產品檢驗服務中心)","63201雲林縣虎尾鎮文化路64號","(05)-6312381","http://biotech.nfu.edu.tw/main.php?site_id=18","111.08.22","殘留農藥-殺菌劑二硫代胺基甲酸鹽類(二)、殘留農藥-多重殘留分析(五)、黃麴毒素、赭麴毒素A","衛生福利部111年08月22日衛授食字第1111105385號","http://www.fda.gov.tw/tc/includes/GetFile.ashx?id=f637968648714932281","http://www.fda.gov.tw/tc/includes/GetFile.ashx?id=f637987672062552185&type=4"
"100","貝爾國際檢測科技股份有限公司(檢測中心)","330桃園市桃園區三民路三段182號B1","(03)-3476680","https://www.facebook.com/貝爾國際檢測科技股份有限公司-1746895708858479/","111.06.01","防腐劑、順丁烯二酸、蔬果類重金屬(鉛、鎘)、四環黴素類、生菌數、大腸桿菌群、孔雀綠及其代謝產物、包裝(盛裝)飲用水及食用冰塊中重金屬(鉛、鎘、汞、砷、銻)、殘留農藥-殺菌劑二硫代胺基甲酸鹽類(二)、殘留農藥-多重殘留分析(五)、黃麴毒素、蔬果植物、果醬及果凍中重金屬(鉛、鎘、汞)、菇蕈類中重金屬(鉛、鎘)、乙型受體素類、腸桿菌科、水產品中揮發性鹽基態氮","衛生福利部111年06月01日衛授食字第1111103400號","http://www.fda.gov.tw/tc/includes/GetFile.ashx?id=f637901193318013731&type=4","http://www.fda.gov.tw/tc/includes/GetFile.ashx?id=f637901197728223456&type=4"
"101","安諾生物科技股份有限公司(檢驗實驗室)","221新北市汐止區新台五路1段114號19樓","(02)2696-1371","http://www.biotechts.com/","111.04.12","孔雀綠及其代謝物、硝基呋喃代謝物、氯黴素類、四環黴素類、甜味劑(多重)","衛生福利部111年04月12日衛授食字第1110009206號","http://www.fda.gov.tw/tc/includes/GetFile.ashx?id=f637855259536890190&type=4","http://www.fda.gov.tw/tc/includes/GetFile.ashx?id=f637855267453048225&type=4"
"102","全國公證檢驗股份有限公司(高雄實驗室)","80061高雄市前鎮區復興四路12號10樓之20","(07)536-9895","http://www.ksp.org.tw/search/firm_detail/133","111.01.06","生菌數、大腸桿菌群、金黃色葡萄球菌、沙門氏桿菌、腸桿菌科、乳品中李斯特菌、單核球增多性李斯特菌、大腸桿菌","衛生福利部111年01月06日衛授食字第1106037084號","http://www.fda.gov.tw/tc/includes/GetFile.ashx?id=f637773345115528346&type=4","http://www.fda.gov.tw/tc/includes/GetFile.ashx?id=f637773347588383831&type=4"
"103","台灣電力股份有限公司(放射試驗室)","253新北市石門區郵政7號信箱","(02)26381068轉211","http://www.taipower.com.tw/","109.08.10","放射性核種(碘-131、銫-134、銫-137)","衛生福利部109年08月10日衛授食字第1091105026號","http://www.fda.gov.tw/tc/includes/GetFile.ashx?id=f637328298108636290","http://www.fda.gov.tw/tc/includes/GetFile.ashx?id=f637328367291846609"
"104","三信檢驗科技有限公司(三信檢驗科技有限公司實驗室)","202基隆市中正區義一路42號","(02)24258566","http://www.ssinsp.com.tw/","111.07.18","礦物質-鈉、粗脂肪、水分、粗蛋白、二氧化硫(食品)、食品中脂肪酸、防腐劑、過氧化氫、黃麴毒素、粗灰分、糖類(乳糖、半乳糖、葡萄糖、果糖、蔗糖、麥芽糖)","衛生福利部111年07月18日衛授食字第1111104584號","http://www.fda.gov.tw/tc/includes/GetFile.ashx?id=f637939968177999301&type=4","http://www.fda.gov.tw/tc/includes/GetFile.ashx?id=f637939971823896540&type=4"
"105","統一企業股份有限公司(中壢品管課)","320桃園市中壢區定寧路15號","(03)4523191","http://www.tuugo.tw/Companies/","110.05.20","水分","衛生福利部110年05月20日衛授食字第1101103713號","http://www.fda.gov.tw/tc/includes/GetFile.ashx?id=f637575474755260805&type=4","http://www.fda.gov.tw/tc/includes/GetFile.ashx?id=f637583178256236156&type=4"
"106","安心食品服務股份有限公司(食品檢驗中心)","104台北市中山區南京東路三段116號3樓","(02)2567-5001","http://csr.mos.com.tw/concept.html","111.03.09","生菌數、大腸桿菌群、金黃色葡萄球菌、腸桿菌科、大腸桿菌","衛生福利部111年03月09日衛授食字第1110005211號","http://www.fda.gov.tw/tc/includes/GetFile.ashx?id=f637825248138013252&type=4","http://www.fda.gov.tw/tc/includes/GetFile.ashx?id=f637825264284362286&type=4"
"107","統一企業股份有限公司(湖口品管課)","303新竹縣湖口鄉八德路3段30號","(03)5693161#5552","https://www.uni-president.com.tw/other_service/contact.asp","111.03.22","生菌數、大腸桿菌、大腸桿菌群、黴菌及酵母菌","衛生福利部111年03月22日衛授食字第1110006588號","http://www.fda.gov.tw/tc/includes/GetFile.ashx?id=f637837495036031957&type=4","http://www.fda.gov.tw/tc/includes/GetFile.ashx?id=f637838264701712302&type=4"
"108","統一企業股份有限公司(楊梅品管課)","326桃園市楊梅區民富路1段301號","(03)4784143#3260","https://www.uni-president.com.tw/other_service/contact.asp","110.08.11","飲料中咖啡因","衛生福利部110年08月11日衛授食字第1101106332號","http://www.fda.gov.tw/tc/includes/GetFile.ashx?id=f637643840684750108&type=4","http://www.fda.gov.tw/tc/includes/GetFile.ashx?id=f637647014589476135&type=4"
"109","全家便利商店股份有限公司(食品實驗室)","304新竹縣新豐鄉中崙村中崙289-5號3樓","(03)621-1456 #1281","http://www.family.com.tw/Web_EnterPrise/page/index.aspx","111.03.14","生菌數、大腸桿菌、大腸桿菌群","衛生福利部111年03月14日衛授食字第1110602346號","http://www.fda.gov.tw/tc/includes/GetFile.ashx?id=f637829537109065827&type=4","http://www.fda.gov.tw/tc/includes/GetFile.ashx?id=f637829622214606850&type=4"
"110","行政院原子能委員會核能研究所(環境試樣放射性核種分析實驗室)","325桃園市龍潭區佳安里文化路1000號","03-4711400轉7965","https://www.iner.gov.tw/","110.11.26","放射性核種(碘-131、銫-134、銫-137)","衛生福利部110年11月26日衛授食字第1101109245號","http://www.fda.gov.tw/tc/includes/GetFile.ashx?id=f637738663221947631&type=4","http://www.fda.gov.tw/tc/includes/GetFile.ashx?id=f637738667464477514&type=4"
"113","行政院原子能委員會輻射偵測中心(行政院原子能委員會輻射偵測中心環境偵測組)","833高雄市鳥松區澄清路823號","03-3709206轉204","https://www.aec.gov.tw/","110.11.26","放射性核種(碘-131、銫-134、銫-137)","衛生福利部110年11月26日衛授食字第1101109251號","http://www.fda.gov.tw/tc/includes/GetFile.ashx?id=f637738663222337637&type=4","http://www.fda.gov.tw/tc/includes/GetFile.ashx?id=f637746370115479903&type=4"
"114","國立臺東大學(農漁牧產品檢驗中心)","95092臺東縣臺東市大學路二段369號理工學院A棟103室","089-517540","https://wcse.nttu.edu.tw/files/11-1017-7312.php?Lang=zh-tw","111.01.17","殘留農藥-殺菌劑二硫代胺基甲酸鹽類(二)、殘留農藥-(五)","衛生福利部111年01月17日衛授食字第1111100358B號","http://www.fda.gov.tw/tc/includes/GetFile.ashx?id=f637781159237800740","http://www.fda.gov.tw/tc/includes/GetFile.ashx?id=f637782858683198465&type=4"
"115","光泉牧場股份有限公司(食安實驗室)","337桃園市大園區大觀路1249號","03-386-5185 轉175","http://www.kuangchuan.com/05Visit/Visit0101.aspx","111.01.14","黃麴毒素","衛生福利部111年01月14日衛授食字第1111100341L號","http://www.fda.gov.tw/tc/includes/GetFile.ashx?id=f637780377089996444&type=4","http://www.fda.gov.tw/tc/includes/GetFile.ashx?id=f637781179477916835&type=4"
"116","長榮空廚股份有限公司(長榮空廚液相層析質譜儀實驗室)","337桃園市大園區航勤北路3號","(03)351-3234","http://www.egsc.com.tw/company/company.htm","111.01.14","三聚氰胺","衛生福利部111年01月14日衛授食字第1111100341F號","http://www.fda.gov.tw/tc/includes/GetFile.ashx?id=f637780377088946414&type=4","http://www.fda.gov.tw/tc/includes/GetFile.ashx?id=f637781179478666877&type=4"
"117","歐陸食品檢驗股份有限公司(歐陸食品檢驗-台北)","248新北市五股區五工六路25號7樓","(02)7728-3858 轉6630","https://www.eurofins.tw/%E9%97%9C%E6%96%BC%E6%AD%90%E9%99%B8/","111.05.17","殘留農藥-殺菌劑二硫代胺基甲酸鹽類(二)、殘留農藥-多重殘留分析(五)、氯黴素類、四環黴素類、黃麴毒素、黃麴毒素M1、生菌數、大腸桿菌、大腸桿菌群、胺基醣苷類抗生素(一)、胺基醣苷類抗生素(二)、硝基呋喃代謝物、沙門氏桿菌、單核球增多性李斯特菌、乳品中李斯特菌、棒麴毒素、金黃色葡萄球菌、仙人掌桿菌、黴菌及酵母菌、總配醣生物鹼、玉米赤黴毒素、腸桿菌科、動物用藥-多重殘留分析(二)、乙型受體素類、孔雀綠及其代謝產物、離子型抗球蟲藥、抗原蟲劑、抗生素及其代謝物、β-內醯胺類抗生素、卡巴得及其代謝產物","衛生福利部111年05月17日衛授食字第1111103054號","http://www.fda.gov.tw/tc/includes/GetFile.ashx?id=f637884827740206105&type=4","http://www.fda.gov.tw/tc/includes/GetFile.ashx?id=f637939971824336570&type=4"
"118","國立屏東科技大學(災害防救科技研究中心放射性分析備援實驗室)","91201屏東縣內埔鄉老埤村學府路1號電算中心IB001","(08)770-3202轉6690","http://dpm.npust.edu.tw/bin/home.php","111.01.17","放射性核種(碘-131、銫-134、銫-137)","衛生福利部111年01月17日 衛授食字第1111100358H號","http://www.fda.gov.tw/tc/includes/GetFile.ashx?id=f637781174744500233","http://www.fda.gov.tw/tc/includes/GetFile.ashx?id=f637782858683668850&type=4"
"119","堂庭檢驗科技股份有限公司(堂庭檢驗科技股份有限公司實驗室)","420台中市南區興大路145號國農大樓8樓823室","04-2285-3086","http://www.tttesting.com.tw/about.php","111.02.10","殘留農藥-多重殘留分析(五)、殘留農藥-殺菌劑二硫代胺基甲酸鹽類(二)","衛生福利部111年02月10日衛授食字第1111106667D號","http://www.fda.gov.tw/tc/includes/GetFile.ashx?id=f637804445084859181&type=4","http://www.fda.gov.tw/tc/includes/GetFile.ashx?id=f637842477477512915&type=4"
"120","大江生醫股份有限公司農科分公司(大江生醫農科檢驗中心)","908屏東縣長治鄉神農路12號","(08)762-9158轉5552","https://www.facebook.com/pages/%E5%A4%A7%E6%B1%9F%E7%94%9F%E9%86%AB%E8%82%A1%E4%BB%BD%E6%9C%89%E9%99%90%E5%85%AC%E5%8F%B8%E8%BE%B2%E7%A7%91%E5%88%86%E5%85%AC%E5%8F%B8/189942904391644","111.06.14","黴菌及酵母菌","衛生福利部111年06月14日衛授食字第1111103754號","http://www.fda.gov.tw/tc/includes/GetFile.ashx?id=f637909062153937973&type=4","http://www.fda.gov.tw/tc/includes/GetFile.ashx?id=f637940748024523551&type=4"
"122","國立陽明交通大學(食品檢驗分析實驗室)","11221台北市北投區立農街二段155號研究大樓一樓103室","(02)2826-7000#5954","https://rmac.ym.edu.tw/","111.06.14","放射性核種(碘-131、銫-134、銫-137)","衛生福利部111年06月14日衛授食字第1111103740號","http://www.fda.gov.tw/tc/includes/GetFile.ashx?id=f637909013608668963","http://www.fda.gov.tw/tc/includes/GetFile.ashx?id=f637944577373565240&type=4"
"123","臺南市政府衛生局(檢驗中心-林森辦公室)","70151臺南市東區林森路一段418號","(06) 632-2120","http://health.tainan.gov.tw/tnhealth/","111.03.24","防腐劑、亞硝酸鹽、二氧化硫(食品)、硼酸及其鹽類、過氧化氫(食品)、黃麴毒素、包(盛)裝水中溴酸鹽","衛生福利部111年03月24日衛授食字第1119013548號","http://www.fda.gov.tw/tc/includes/GetFile.ashx?id=f637463234499238498","http://www.fda.gov.tw/tc/includes/GetFile.ashx?id=f637838264298565293&type=4"
"124","捷生國際標準檢驗股份有限公司(捷生國際標準實驗室)","71756台南市仁德區文華路3段428巷65號","(06)2795278","http://www.jsn-isi.com.tw/","110.05.19","黃麴毒素","衛生福利部110年05月19日衛授食字第1101103959號","http://www.fda.gov.tw/tc/includes/GetFile.ashx?id=f637571836320458952&type=4","http://www.fda.gov.tw/tc/includes/GetFile.ashx?id=f637642085083714256&type=4"
"125","光鹽檢測科技股份有限公司(光鹽檢測科技股份有限公司)","821高雄市路竹區路科二路63號3樓","(07)695-5945","https://www.twincn.com/item.aspx?no=54617592","110.11.26","咖啡中二氯甲烷","衛生福利部110年11月26日衛授食字第1101109249號","http://www.fda.gov.tw/tc/includes/GetFile.ashx?id=f637738663222157632&type=4","http://www.fda.gov.tw/tc/includes/GetFile.ashx?id=f637738667465267709&type=4"
"126","長榮大學(職業暨環境與食品安全研究中心)","711台南市歸仁區大潭里長大路1號第二教學大樓三樓","(06)2785123#1668","https://dweb.cjcu.edu.tw/oef","111.01.17","包(盛)裝飲用水中重金屬(砷、鉛、鎘、汞、銅、鋅)","衛生福利部111年01月17日 衛授食字第1111100358F號","http://www.fda.gov.tw/tc/includes/GetFile.ashx?id=f637781174519499957","http://www.fda.gov.tw/tc/includes/GetFile.ashx?id=f637782858684129073&type=4"
"127","衛生福利部食品藥物管理署(中區管理中心食品輻射偵檢室)","408台中市南屯區文心南三路20號3、4樓","02-27878000","http://www.fda.gov.tw/TC/index.aspx","111.01.28","放射性核種(碘-131、銫-134、銫-137)","衛生福利部111年01月28日衛授食字第1111100805F號","http://www.fda.gov.tw/tc/includes/GetFile.ashx?id=f637798490120680779&type=4","http://www.fda.gov.tw/tc/includes/GetFile.ashx?id=f637799140732925814&type=4"
"128","國立清華大學(放射性核種分析實驗室)","300新竹市光復路二段101號李純敏館1樓","(03)5715131#31173","https://hpd.site.nthu.edu.tw/p/412-1190-3017.php?Lang=zh-tw","111.04.22","放射性核種(碘-131、銫-134、銫-137)","衛生福利部111年04月22日 衛授食字第1111102602B號","http://www.fda.gov.tw/tc/includes/GetFile.ashx?id=f637862261208870715","http://www.fda.gov.tw/tc/includes/GetFile.ashx?id=f637864914104196959&type=4"